{
  "train_loss": [
    2.181724153459072,
    0.42024744115769863,
    0.2626857301220298,
    0.227327817119658,
    0.21244450844824314
  ],
  "val_loss": [
    0.4990081638097763,
    0.24717292189598083,
    0.20895488560199738,
    0.18630025535821915,
    0.18127018213272095
  ],
  "val_ft_mae": [
    4.121286392211914,
    3.2586811780929565,
    3.079171299934387,
    2.9014681577682495,
    2.8592926263809204
  ]
}